"시점",기온 (℃),기온 (℃),기온 (℃),기온 (℃),기온 (℃),강수량 (mm),상대습도 (%),상대습도 (%),평균운량 (10%),일조시간 (hr),바람 (m/s),바람 (m/s),바람 (m/s)
"시점",평균,평균최고,극점최고,평균최저,극점최저,소계,평균,최소,소계,소계,평균풍속,최대풍속,최대순간풍속
"1983. 04",13.6,19.0,26.7,8.4,0.8,113.4,57.0,15.0,5.6,203.9,3.4,16.8,23.5
"1983. 05",18.5,23.7,29.9,13.3,7.3,69.0,62.0,22.0,5.6,245.3,2.5,11.3,16.7
"1983. 06",22.2,27.9,32.6,17.4,13.4,27.4,65.0,24.0,5.8,255.6,2.5,9.3,15.3
"1983. 07",23.6,26.8,30.9,20.0,18.4,398.6,83.0,48.0,8.8,83.5,2.6,8.7,14.7
"1983. 08",26.0,30.0,34.3,22.9,17.8,132.2,75.0,40.0,7.2,169.5,2.4,8.0,11.3
"1983. 09",22.0,26.1,31.5,18.5,11.9,253.4,74.0,30.0,6.9,173.8,1.8,10.0,14.4
"1983. 10",14.2,18.7,23.7,10.1,2.0,82.2,69.0,20.0,5.9,173.0,2.0,8.3,13.4
"1983. 11",6.7,11.2,18.5,2.5,6.0,28.7,63.0,23.0,4.7,166.3,2.5,12.3,16.7
"1983. 12",-1.1,2.9,11.7,-5.2,-13.5,9.9,56.0,14.0,3.1,190.0,2.4,12.0,16.5
"1984. 01",-5.9,-1.7,4.1,-9.5,-13.6,10.7,53.0,17.0,3.6,170.7,2.1,8.3,14.5
"1984. 02",-3.5,1.3,8.0,-7.4,-15.1,14.9,50.0,15.0,3.7,205.6,2.9,10.7,19.2
"1984. 03",2.5,7.3,14.2,-1.3,-6.5,11.4,55.0,14.0,5.3,213.7,3.3,10.3,16.0
"1984. 04",12.1,17.9,23.0,7.4,-0.1,41.8,61.0,19.0,6.0,204.1,2.8,10.5,16.8
"1984. 05",18.2,24.0,28.1,13.5,7.7,35.2,64.0,23.0,5.4,271.1,2.7,9.0,12.6
"1984. 06",22.6,27.7,34.2,18.4,14.7,105.5,71.0,21.0,6.4,199.3,2.5,11.5,18.1
"1984. 07",25.2,29.5,34.7,22.0,19.2,269.9,81.0,41.0,7.3,163.6,2.4,13.7,20.3
"1984. 08",26.3,30.5,35.2,23.3,18.9,330.9,79.0,34.0,7.0,151.4,2.3,7.3,10.8
"1984. 09",20.1,25.0,28.7,16.3,10.1,348.1,75.0,34.0,6.1,187.9,2.1,11.8,17.0
"1984. 10",13.8,19.5,25.7,9.0,1.2,21.4,66.0,26.0,3.4,243.1,2.4,10.3,15.6
"1984. 11",8.1,12.9,21.2,4.1,-5.7,35.5,69.0,20.0,4.5,159.2,2.2,10.0,13.5
"1984. 12",-0.9,3.5,14.5,-4.2,-12.8,24.2,67.0,30.0,4.7,167.4,2.5,9.0,11.6
"1985. 01",-5.9,-1.2,3.5,-9.8,-16.7,31.2,62.5,28.0,4.0,189.3,2.5,9.2,13.9
"1985. 02",-0.3,4.2,10.8,-3.9,-11.0,25.9,68.9,37.0,5.5,142.1,2.8,9.2,14.5
"1985. 03",4.3,9.5,19.0,0.4,-8.2,57.8,59.5,23.0,4.9,221.9,2.9,9.2,14.5
"1985. 04",11.6,17.8,24.8,6.5,-,69.0,61.4,15.0,5.1,213.4,2.9,11.0,18.4
"1985. 05",18.1,23.6,29.6,13.3,9.0,177.4,66.4,16.0,6.0,215.6,2.4,7.7,12.3
"1985. 06",22.1,27.3,31.9,18.0,14.2,85.4,70.5,30.0,6.4,200.4,2.2,7.5,10.8
"1985. 07",25.3,29.2,35.4,22.1,18.7,185.2,81.1,69.0,7.4,158.4,5.2,11.7,16.4
"1985. 08",26.3,30.4,34.3,23.1,18.5,438.9,80.2,70.0,7.1,149.3,4.8,12.3,24.0
"1985. 09",20.2,23.9,30.1,17.3,10.1,171.7,78.4,57.0,7.5,119.1,4.4,9.0,18.4
"1985. 10",14.7,19.6,25.7,10.5,4.4,177.8,73.2,33.0,5.9,193.4,2.1,7.7,11.9
"1985. 11",5.6,9.5,18.8,2.1,-4.6,82.4,72.6,34.0,5.5,133.7,2.5,9.0,14.7
"1985. 12",-3.4,0.4,8.2,-6.9,-13.6,41.9,67.3,35.0,3.8,182.4,2.6,9.2,12.0
"1986. 01",-5.4,-1.4,7.1,-9.0,-19.2,11.7,68.0,33.0,3.4,200.9,2.5,11.7,16.8
"1986. 02",-3.3,0.7,5.2,-6.9,-12.7,8.3,65.0,31.0,3.2,195.0,2.7,8.8,16.3
"1986. 03",4.9,10.2,18.6,0.7,-5.4,44.3,68.0,27.0,4.2,218.7,2.4,8.2,14.1
"1986. 04",11.9,17.8,24.3,6.8,1.6,20.6,56.0,18.0,4.3,249.2,2.9,10.7,20.9
"1986. 05",17.1,22.5,27.5,12.4,8.5,71.5,66.0,24.0,5.2,246.1,2.7,11.0,19.2
"1986. 06",21.9,26.3,32.4,18.2,13.8,117.1,74.0,22.0,6.6,186.9,2.1,6.7,12.5
"1986. 07",23.5,27.0,31.7,20.5,15.4,351.8,80.0,45.0,7.6,120.5,2.1,9.3,16.2
"1986. 08",24.5,28.3,32.8,21.2,18.2,370.3,78.0,44.0,6.8,151.9,2.3,9.7,20.2
"1986. 09",19.9,24.7,31.0,15.8,10.2,101.0,74.0,26.0,5.9,188.6,2.1,9.0,12.4
"1986. 10",12.7,17.2,23.9,8.8,-0.5,79.6,70.0,24.0,5.5,169.3,2.0,7.7,13.4
"1986. 11",5.2,9.5,16.2,1.2,-5.7,39.3,64.0,25.0,4.3,161.9,2.2,8.0,16.6
"1986. 12",1.9,5.4,13.2,-1.5,-9.7,31.9,70.0,31.0,5.5,126.7,2.3,10.0,15.6
"1987. 01",-3.0,1.0,8.9,-6.9,-15.1,43.4,62.0,28.0,4.0,168.3,2.6,8.3,14.6
"1987. 02",-0.1,4.0,12.8,-3.8,-10.6,36.2,65.0,25.0,4.7,172.5,2.9,9.3,16.7
"1987. 03",4.0,8.6,17.5,0.1,-7.6,34.2,66.0,21.0,5.5,188.4,3.1,11.8,18.4
"1987. 04",10.8,16.3,24.7,6.0,0.4,55.3,62.0,18.0,4.7,202.3,2.7,13.3,24.9
"1987. 05",17.0,22.4,29.0,12.1,5.8,126.6,64.0,22.0,5.2,251.3,2.6,8.7,15.3
"1987. 06",22.4,27.1,31.6,17.8,12.0,130.3,66.0,29.0,5.9,222.2,2.2,9.7,14.6
"1987. 07",23.7,27.1,31.2,20.9,18.3,651.2,82.0,24.0,8.0,102.1,2.5,12.3,17.5
"1987. 08",24.4,28.1,31.6,21.6,18.4,521.8,85.0,51.0,7.5,128.7,2.1,9.3,21.8
"1987. 09",20.1,25.2,28.6,15.6,6.3,61.1,69.0,27.0,4.5,225.6,2.2,8.7,17.7
"1987. 10",15.5,20.6,27.3,10.9,2.6,21.9,65.0,25.0,4.2,184.3,2.1,9.0,15.9
"1987. 11",7.5,12.0,19.0,3.3,-9.2,66.8,62.0,20.0,4.6,147.2,2.4,10.3,17.2
"1987. 12",0.9,4.9,11.8,-2.6,-10.6,2.6,59.0,18.0,3.6,165.9,2.3,10.0,17.4
"1988. 01",-2.1,1.9,10.1,-5.7,-12.1,3.3,60.0,29.0,4.1,167.7,2.7,13.0,20.0
"1988. 02",-1.5,3.2,12.2,-5.3,-12.9,4.5,55.0,23.0,4.1,185.9,2.9,10.3,18.7
"1988. 03",4.3,8.8,16.1,0.1,-6.8,31.3,52.0,20.0,4.8,222.0,2.8,10.3,17.9
"1988. 04",11.3,16.6,23.8,6.7,3.2,60.5,56.0,21.0,4.3,252.0,3.1,12.2,20.1
"1988. 05",17.9,23.4,31.7,13.0,9.1,42.8,54.0,16.0,5.1,240.8,2.4,11.0,18.7
"1988. 06",22.3,27.3,32.8,18.2,13.9,73.7,69.0,23.0,5.6,214.3,2.5,8.7,14.0
"1988. 07",24.4,27.8,31.6,21.6,19.0,382.3,78.0,36.0,8.0,100.8,2.6,9.2,17.2
"1988. 08",26.4,31.0,36.6,22.8,18.4,81.3,72.0,35.0,5.4,202.8,2.2,9.8,13.1
"1988. 09",21.4,26.5,30.8,16.9,11.0,39.7,66.0,29.0,4.6,212.7,1.8,7.7,12.0
"1988. 10",15.0,20.6,25.6,9.8,2.2,8.4,58.0,19.0,3.6,227.6,2.0,14.0,17.2
"1988. 11",5.5,10.6,17.9,1.2,-5.6,21.1,55.0,18.0,2.2,204.1,2.5,12.0,17.1
"1988. 12",0.1,4.3,13.9,-3.7,-12.2,11.9,59.0,24.0,4.3,143.6,2.5,11.3,15.4
"1989. 01",0.8,3.9,11.2,-2.3,-11.2,44.6,69.0,14.0,6.0,95.0,2.3,9.3,13.9
"1989. 02",2.4,7.1,15.4,-1.3,-8.2,32.7,57.0,23.0,4.3,169.2,2.4,10.7,15.8
"1989. 03",6.1,10.7,16.1,2.3,-5.0,116.7,62.0,22.0,4.4,190.2,2.9,13.3,19.0
"1989. 04",14.3,20.5,29.4,8.8,3.7,14.0,48.0,13.0,3.6,247.3,2.5,10.7,19.4
"1989. 05",17.9,23.4,29.6,13.3,8.4,41.1,64.0,13.0,5.1,241.3,2.8,9.0,18.0
"1989. 06",21.2,26.2,31.9,16.9,12.8,177.1,67.0,28.0,5.8,204.4,2.4,9.2,16.1
"1989. 07",24.5,28.5,33.3,21.2,17.3,343.5,79.0,35.0,6.8,150.7,2.1,10.7,23.1
"1989. 08",25.5,29.7,35.3,21.7,17.4,318.6,72.0,37.0,5.8,201.8,2.2,10.0,14.8
"1989. 09",20.7,25.1,29.5,16.9,10.3,101.2,73.0,33.0,6.1,177.2,2.1,9.7,12.3
"1989. 10",13.6,18.8,23.7,9.0,1.9,69.9,65.0,21.0,2.6,212.2,2.1,11.0,13.8
"1989. 11",7.1,11.2,17.4,3.5,-6.3,154.5,67.0,26.0,4.4,158.0,2.5,12.3,18.9
"1989. 12",1.4,4.9,14.7,-1.9,-8.7,12.4,68.0,25.0,3.8,137.4,2.1,8.2,15.0
"1990. 01",-3.2,0.2,7.8,-6.6,-17.1,62.2,61.0,23.0,4.5,141.7,2.4,7.3,12.3
"1990. 02",2.7,5.8,12.9,-0.1,-5.2,64.8,72.0,22.0,6.3,92.8,2.2,8.0,13.4
"1990. 03",7.2,11.5,18.8,3.6,-1.3,92.3,65.0,26.0,5.0,165.2,2.7,8.7,15.9
"1990. 04",11.3,16.3,26.3,6.7,1.6,94.2,64.0,14.0,5.0,187.2,3.0,10.2,20.4
"1990. 05",16.2,21.0,27.1,12.2,7.2,122.8,74.0,30.0,6.7,151.7,2.7,10.7,17.8
"1990. 06",20.7,24.6,29.4,17.4,13.4,497.2,81.0,34.0,7.5,108.4,2.4,11.3,16.7
"1990. 07",24.9,28.4,34.2,22.0,16.7,486.5,85.0,56.0,7.8,116.8,2.3,9.8,19.5
"1990. 08",26.4,30.9,35.5,22.8,18.5,283.5,77.0,41.0,5.0,210.3,2.0,10.5,16.2
"1990. 09",21.1,25.7,31.1,17.0,14.8,570.1,74.0,38.0,5.7,170.0,1.9,7.0,14.0
"1990. 10",15.4,21.3,27.1,10.3,6.1,-,63.0,28.0,2.4,243.1,1.8,8.7,12.2
"1990. 11",10.0,14.6,21.9,5.8,-4.9,56.0,71.0,25.0,4.2,136.3,2.1,10.0,17.5
"1990. 12",0.9,4.8,13.8,-3.0,-12.9,25.9,67.0,24.0,4.4,139.0,2.7,13.3,19.8
"1991. 01",-2.6,1.6,9.7,-6.3,-12.9,14.4,63.0,22.0,3.0,190.9,2.2,10.3,17.1
"1991. 02",-0.9,3.1,12.0,-4.6,-15.0,28.4,61.0,17.0,4.3,171.3,2.7,10.2,20.3
"1991. 03",4.9,9.6,18.9,0.7,-6.0,65.5,63.0,22.0,5.3,179.5,2.7,9.3,20.0
"1991. 04",13.0,19.1,25.6,7.6,-3.4,48.5,56.0,21.0,3.4,253.5,2.6,13.3,22.0
"1991. 05",17.5,22.8,31.1,12.7,7.4,83.2,59.0,21.0,4.4,244.0,2.9,10.2,20.0
"1991. 06",22.6,27.6,31.8,18.3,15.2,81.8,70.0,25.0,6.1,192.1,2.4,10.7,19.5
"1991. 07",24.3,27.8,32.0,21.4,18.0,487.8,84.0,45.0,7.4,117.7,2.3,11.7,18.2
"1991. 08",25.5,30.0,34.7,21.6,15.7,68.2,71.0,27.0,4.9,203.7,2.0,7.3,15.9
"1991. 09",21.1,25.5,31.0,17.3,10.1,175.2,70.0,28.0,5.3,183.7,1.7,7.7,14.2
"1991. 10",13.8,19.5,25.8,8.8,4.1,27.3,61.0,24.0,2.8,255.1,2.0,9.7,18.1
"1991. 11",6.5,10.9,17.6,2.1,-4.0,35.0,59.0,19.0,3.5,185.8,2.1,8.7,13.5
"1991. 12",2.2,5.9,12.9,-1.5,-11.1,42.9,69.0,29.0,5.4,112.5,2.2,10.7,15.0
"1992. 01",-0.2,3.4,7.6,-3.4,-9.1,13.6,68.0,27.0,3.7,134.2,2.1,9.0,14.0
"1992. 02",0.7,5.0,15.9,-3.3,-7.8,46.6,62.0,22.0,3.2,188.5,2.5,10.7,15.3
"1992. 03",7.6,12.2,20.2,3.5,-1.5,11.2,58.0,14.0,5.1,176.7,2.3,8.0,11.0
"1992. 04",12.0,17.5,24.3,7.1,1.5,76.5,58.0,12.0,4.7,206.6,2.7,11.0,18.3
"1992. 05",16.4,21.9,29.9,11.7,7.1,155.5,64.0,20.0,4.5,237.2,2.6,8.0,14.2
"1992. 06",20.9,26.0,29.8,16.4,10.8,99.6,66.0,27.0,5.2,241.5,2.5,8.7,17.0
"1992. 07",24.8,28.4,32.4,22.0,19.1,270.1,81.0,30.0,7.9,115.0,2.6,11.7,19.6
"1992. 08",24.8,28.9,32.8,21.4,18.4,418.8,76.0,39.0,6.2,170.4,1.5,10.0,19.0
"1992. 09",20.9,25.1,30.9,16.9,9.3,168.5,71.0,22.0,5.3,174.6,1.8,9.5,17.0
"1992. 10",14.0,18.9,25.1,9.7,4.0,33.6,70.0,27.0,4.0,200.3,1.5,8.0,17.0
"1992. 11",6.2,10.8,17.2,2.1,-9.0,89.5,67.0,17.0,4.1,134.4,1.9,12.0,22.0
"1992. 12",1.5,5.1,13.3,-2.1,-9.7,71.4,65.0,23.0,4.4,138.1,2.0,10.7,20.0
"1993. 01",-1.9,1.9,8.4,-5.5,-11.1,2.2,62.0,23.0,3.8,141.4,2.2,10.2,16.2
"1993. 02",1.0,5.3,14.2,-2.9,-8.6,69.5,63.0,17.0,3.8,158.1,3.1,12.0,18.0
"1993. 03",5.8,10.5,16.6,1.9,-6.2,29.2,63.0,18.0,4.1,176.3,2.6,10.0,14.8
"1993. 04",10.6,15.8,23.5,6.3,-0.3,85.5,63.0,12.0,3.9,185.3,3.1,15.2,24.0
"1993. 05",18.2,23.8,31.9,13.3,9.4,135.7,64.0,21.0,5.4,233.8,2.4,10.7,15.1
"1993. 06",21.3,25.8,29.2,17.8,13.4,198.2,78.0,30.0,6.9,140.0,2.2,9.7,15.3
"1993. 07",23.3,27.6,31.1,19.8,16.2,424.4,77.0,38.0,6.7,161.8,2.1,7.7,15.3
"1993. 08",23.2,27.5,30.6,19.8,16.3,197.8,80.0,35.0,6.5,170.6,2.0,7.5,12.6
"1993. 09",21.2,26.3,30.5,16.9,10.8,56.1,67.0,19.0,4.0,237.5,2.0,9.7,15.8
"1993. 10",13.4,19.3,25.0,8.3,0.6,15.4,61.0,19.0,2.9,228.2,2.2,9.3,15.9
"1993. 11",8.5,12.5,20.9,5.2,-9.0,66.6,70.0,27.0,5.5,107.8,2.4,9.7,14.3
"1993. 12",-0.2,3.8,10.0,-3.8,-11.2,12.1,62.0,21.0,3.6,148.8,2.5,11.2,18.0
"1994. 01",-9.0,6.6,10.0,-4.7,-12.3,6.5,57.7,18.0,4.5,155.5,2.3,9.3,16.3
"1994. 02",0.8,4.9,11.4,-3.2,-10.8,14.8,55.3,12.0,3.8,175.7,2.5,9.7,18.1
"1994. 03",4.0,10.1,18.6,-0.1,-5.5,31.7,59.5,13.0,4.0,215.7,3.2,9.7,16.4
"1994. 04",15.2,20.8,28.9,10.0,5.7,44.9,53.2,14.0,4.4,222.0,2.4,10.3,20.3
"1994. 05",17.9,22.5,28.0,13.4,8.3,152.4,67.1,17.0,4.9,215.3,2.8,10.3,19.7
"1994. 06",22.8,27.4,34.7,18.1,13.4,85.0,67.7,25.0,5.5,217.9,2.2,8.3,15.6
"1994. 07",28.5,33.1,38.4,25.3,21.3,139.5,78.9,31.0,6.1,191.5,2.1,8.2,15.2
"1994. 08",27.6,31.1,37.0,24.4,19.0,232.7,75.6,34.0,6.0,205.6,2.2,8.3,15.3
"1994. 09",21.0,26.7,32.0,16.7,12.1,60.7,68.6,28.0,3.8,231.6,1.9,7.0,15.9
"1994. 10",15.2,19.7,25.9,11.3,3.2,214.5,70.8,23.0,4.1,187.1,2.0,10.3,24.6
"1994. 11",9.3,14.9,19.8,5.4,-2.2,49.6,63.4,15.0,4.1,153.8,2.0,8.2,15.0
"1994. 12",1.1,9.4,12.4,-2.4,-12.6,23.5,59.7,20.0,4.1,155.7,2.3,7.0,15.5
"1995. 01",-2.1,1.8,10.3,-5.7,-11.1,11.6,52.2,14.0,2.9,190.8,2.6,8.7,17.1
"1995. 02",1.2,6.0,9.9,-2.8,-7.9,5.2,56.0,11.0,2.2,199.8,2.2,6.5,12.0
"1995. 03",6.0,10.3,17.1,2.2,-3.6,60.6,64.1,12.0,5.4,153.1,2.8,10.3,22.0
"1995. 04",11.3,16.7,25.2,6.5,-0.4,44.4,53.4,12.0,3.8,239.8,3.1,8.7,19.9
"1995. 05",17.1,22.1,29.0,12.1,6.3,60.6,57.9,10.0,4.7,225.5,2.7,9.7,20.1
"1995. 06",21.6,26.3,29.6,17.5,12.1,70.7,70.5,21.0,6.2,202.7,2.0,5.7,13.2
"1995. 07",24.5,27.8,33.6,21.7,17.7,436.1,81.4,36.0,7.6,146.7,2.5,7.7,17.5
"1995. 08",26.0,29.2,33.7,23.4,18.8,786.6,84.6,38.0,7.4,137.3,2.4,8.0,18.3
"1995. 09",20.0,24.5,28.4,15.7,10.7,47.2,67.5,24.0,4.9,195.0,1.6,9.3,31.5
"1995. 10",15.5,20.6,25.6,10.7,4.2,39.3,60.8,16.0,4.1,216.1,1.7,8.0,20.3
"1995. 11",6.2,11.5,18.6,1.8,-4.3,32.9,56.7,13.0,2.6,200.1,2.3,8.3,20.3
"1995. 12",-1.0,3.0,6.9,-4.4,-10.3,3.4,55.1,20.0,2.8,183.7,2.2,7.7,19.0
"1996. 01",-2.2,2.3,9.8,-5.6,-10.7,16.3,51.0,10.0,3.6,188.3,2.4,8.2,17.8
"1996. 02",-1.6,3.2,14.0,-5.5,-13.8,1.0,47.0,10.0,3.0,180.4,2.7,7.8,18.0
"1996. 03",4.9,9.5,17.5,1.0,-3.8,77.9,54.0,9.0,5.2,189.8,2.7,8.0,17.4
"1996. 04",10.2,15.1,23.3,5.9,0.9,62.0,52.0,11.0,3.8,247.4,3.0,7.3,21.0
"1996. 05",18.4,24.2,31.4,13.3,9.8,29.3,58.0,13.0,4.2,264.0,2.2,7.0,15.1
"1996. 06",22.3,26.5,32.7,19.1,15.1,249.7,75.0,27.0,8.1,129.5,1.9,11.7,27.5
"1996. 07",24.4,28.3,34.6,21.2,16.6,512.8,76.0,34.0,7.6,146.2,1.9,7.3,24.8
"1996. 08",26.0,29.8,35.4,22.9,17.6,132.4,73.0,31.0,6.2,140.7,1.7,6.0,10.2
"1996. 09",22.0,27.3,30.9,17.5,11.6,11.0,66.0,19.0,3.9,211.0,1.8,6.0,10.2
"1996. 10",14.5,19.4,23.8,10.0,0.4,90.3,63.0,14.0,4.3,175.8,2.0,8.0,13.2
"1996. 11",6.1,10.3,18.8,2.4,8.0,62.9,64.0,17.0,4.5,148.8,2.2,9.7,16.0
"1996. 12",1.6,6.0,12.7,-2.5,-10.5,11.0,59.0,16.0,3.6,146.2,2.2,10.0,19.6
"1997. 01",-3.3,1.2,8.0,-7.1,-13.7,16.8,58.0,21.0,3.2,148.1,2.6,12.3,23.7
"1997. 02",0.7,5.6,15.1,-3.5,-8.1,39.6,54.0,12.0,2.6,188.8,2.6,11.2,17.6
"1997. 03",6.8,11.8,20.2,2.5,-4.3,25.3,56.0,19.0,3.2,226.3,2.8,12.7,15.8
"1997. 04",13.0,18.1,22.3,8.4,2.7,56.1,55.0,15.0,3.8,227.1,2.7,11.0,16.9
"1997. 05",17.0,21.5,27.9,12.9,8.8,291.3,66.0,17.0,6.3,173.4,2.5,9.3,17.5
"1997. 06",23.4,28.5,35.0,18.9,12.4,110.0,65.0,25.0,4.8,227.8,2.1,8.8,20.1
"1997. 07",26.1,30.1,36.1,22.8,18.1,299.6,80.0,27.0,5.8,168.4,1.9,7.3,13.3
"1997. 08",26.8,31.3,34.1,23.2,19.6,117.2,71.0,37.0,4.9,206.0,2.2,12.3,18.2
"1997. 09",20.2,25.4,31.9,15.7,10.3,76.9,63.0,22.0,3.9,203.2,2.0,9.0,17.0
"1997. 10",13.4,19.0,26.3,8.2,-2.0,45.5,55.0,10.0,2.4,237.6,2.4,10.0,15.0
"1997. 11",8.8,13.7,20.2,4.6,-3.2,93.8,61.0,17.0,4.0,166.6,2.0,9.0,14.0
"1997. 12",1.8,5.7,12.8,-1.8,-11.3,38.1,59.0,20.0,4.2,145.0,2.1,7.7,14.6
"1998. 01",-1.3,2.8,8.2,-4.7,-15.4,10.4,59.0,20.0,4.0,161.0,2.4,9.7,16.4
"1998. 02",3.4,7.8,15.0,-0.6,-7.7,32.3,59.0,16.0,4.1,151.3,2.4,9.0,16.5
"1998. 03",7.3,12.5,19.1,2.8,-3.2,45.1,58.0,13.0,3.6,220.9,2.8,9.7,16.9
"1998. 04",15.6,20.9,26.3,11.1,1.9,120.2,65.0,14.0,5.5,164.6,2.2,16.0,20.9
"1998. 05",19.0,24.3,31.4,14.0,10.4,121.5,59.0,17.0,5.1,214.8,2.2,9.0,16.3
"1998. 06",21.9,26.4,31.8,18.0,13.2,234.1,67.0,28.0,6.3,163.7,2.1,8.0,12.5
"1998. 07",24.9,28.6,32.2,21.9,19.5,311.8,74.0,32.0,7.0,137.2,2.5,9.0,17.4
"1998. 08",25.0,28.8,32.0,22.1,17.4,1237.8,78.0,41.0,7.5,114.1,2.0,10.0,20.0
"1998. 09",23.0,27.8,32.8,19.0,15.4,177.9,70.0,30.0,5.0,197.3,1.8,8.0,14.5
"1998. 10",17.0,22.0,26.5,12.7,4.9,27.4,67.0,29.0,4.7,202.2,1.9,9.7,14.9
"1998. 11",7.3,12.2,20.5,3.3,-6.8,26.9,61.0,20.0,3.5,167.5,2.2,10.0,14.2
"1998. 12",2.3,6.6,12.9,-1.7,-8.1,3.7,59.0,16.0,2.8,185.6,2.2,10.7,15.0
"1999. 01",-0.8,3.5,12.4,-4.7,-12.2,10.2,58.0,21.0,3.0,184.1,2.6,10.0,13.5
"1999. 02",0.7,5.0,10.2,-3.1,-12.3,2.9,60.0,16.0,4.0,159.1,2.8,10.0,17.3
"1999. 03",6.7,11.7,18.8,1.6,-6.2,55.0,50.0,11.0,4.9,197.7,2.5,8.3,16.3
"1999. 04",13.9,19.3,28.2,8.7,1.6,97.2,59.0,11.0,4.4,228.1,2.6,9.7,15.2
"1999. 05",17.5,22.7,28.1,12.4,10.2,109.7,65.0,21.0,4.2,235.1,2.2,8.7,16.3
"1999. 06",23.1,28.3,33.6,18.5,15.8,131.8,67.0,28.0,5.2,217.5,1.8,8.3,12.1
"1999. 07",25.9,30.0,34.9,22.3,18.2,230.4,73.0,37.0,7.5,130.4,2.1,9.7,17.0
"1999. 08",26.0,30.2,35.4,22.3,19.5,600.5,74.0,36.0,6.4,161.4,1.2,11.3,23.9
"1999. 09",22.9,27.0,32.0,19.4,12.8,377.3,76.0,28.0,6.7,119.9,1.3,6.0,12.9
"1999. 10",14.3,19.1,24.0,10.0,1.5,81.6,71.0,24.0,4.9,162.4,1.1,8.0,14.0
"1999. 11",7.9,12.6,18.6,3.8,-6.1,19.5,65.0,25.0,3.6,183.5,1.3,8.7,13.9
"1999. 12",0.4,4.4,12.0,-3.4,-11.5,17.0,63.0,26.0,3.0,164.6,1.2,9.7,16.2
"2000. 01",-2.1,1.7,9.9,-5.7,-12.1,42.8,64.0,28.0,4.2,108.3,2.6,7.6,12.3
"2000. 02",-1.7,2.6,7.5,-5.8,-11.6,2.1,56.0,27.0,3.2,139.3,2.7,10.6,19.1
"2000. 03",6.3,11.4,18.9,1.7,-4.8,3.1,55.0,23.0,3.9,152.8,3.0,12.2,19.9
"2000. 04",11.9,16.9,23.5,7.3,1.8,30.7,56.0,26.0,5.0,156.6,2.9,9.5,18.8
"2000. 05",17.5,22.7,30.5,12.9,7.9,75.2,66.0,26.0,6.0,138.3,2.3,8.3,13.6
"2000. 06",23.7,29.2,33.9,19.1,14.6,68.1,65.0,21.0,6.0,133.0,1.9,6.6,10.6
"2000. 07",26.8,31.0,34.2,23.1,19.9,114.7,73.0,29.0,6.8,108.2,2.1,9.5,15.0
"2000. 08",26.2,30.0,35.1,22.9,19.0,599.4,79.0,26.0,6.6,112.8,1.7,9.2,21.5
"2000. 09",20.7,24.8,31.0,17.1,11.9,178.5,71.0,32.0,6.0,116.4,1.7,12.5,22.4
"2000. 10",14.9,19.2,26.5,10.7,3.5,18.1,64.0,23.0,4.7,131.3,1.5,6.6,12.9
"2000. 11",7.0,11.1,20.3,2.7,-3.8,27.1,57.0,17.0,4.3,102.6,1.8,6.3,12.1
"2000. 12",0.9,4.9,11.9,-2.9,-11.4,27.0,58.0,22.0,4.0,106.6,2.2,8.1,13.8
"2001. 01",-4.2,-0.8,6.8,-7.8,-18.6,39.4,62.6,36.0,4.0,97.0,2.2,6.6,13.5
"2001. 02",-0.3,3.7,12.2,-3.7,-10.4,45.7,61.0,15.0,4.0,117.0,2.1,6.3,11.9
"2001. 03",5.0,9.6,21.0,0.9,-6.1,18.1,61.2,9.0,4.0,151.0,2.8,8.9,17.6
"2001. 04",13.6,19.2,28.2,8.7,2.1,12.3,59.3,11.0,4.0,177.8,2.5,8.0,15.0
"2001. 05",19.1,24.7,31.5,14.8,10.4,16.5,64.1,16.0,5.0,163.1,2.1,7.2,11.2
"2001. 06",22.5,27.1,32.7,19.2,15.6,157.4,71.0,25.0,7.0,100.9,1.6,5.9,9.2
"2001. 07",25.9,29.9,32.8,22.9,20.3,698.4,79.8,37.0,7.0,82.4,1.4,6.0,10.5
"2001. 08",26.5,30.8,35.3,22.8,19.4,252.0,77.4,19.0,5.0,168.7,1.0,4.6,7.3
"2001. 09",22.5,27.5,31.7,17.9,11.0,49.3,71.0,20.0,3.9,179.6,1.1,5.3,8.9
"2001. 10",16.5,21.0,25.3,12.4,8.8,68.2,66.2,21.0,4.0,126.8,1.3,5.7,10.6
"2001. 11",7.0,11.5,16.0,2.9,-3.1,13.0,64.6,17.0,3.0,118.1,1.7,6.2,11.4
"2001. 12",-0.6,3.4,10.9,-4.0,-8.8,15.7,63.8,15.0,3.0,122.9,2.1,7.6,14.3
"2002. 01",0.3,3.9,13.5,-2.9,-12.0,37.4,63.0,22.0,4.1,100.5,2.3,7.9,16.1
"2002. 02",2.9,7.1,12.6,-0.8,-5.1,2.4,55.0,13.0,3.8,103.9,2.0,7.4,12.8
"2002. 03",7.6,12.4,19.4,3.6,-2.9,31.5,55.0,10.0,4.3,128.6,2.1,6.3,12.1
"2002. 04",13.6,18.6,27.7,8.8,4.3,155.1,53.0,8.0,3.8,172.4,2.3,11.7,19.5
"2002. 05",18.2,23.5,27.7,13.3,10.0,58.0,62.0,12.0,4.8,175.0,2.3,7.5,13.8
"2002. 06",22.2,27.3,32.0,17.9,14.5,61.4,62.0,21.0,4.5,162.9,2.0,8.6,14.2
"2002. 07",25.2,28.8,34.8,22.2,18.9,220.6,74.0,43.0,7.1,84.1,2.1,7.0,13.4
"2002. 08",24.2,27.5,32.2,21.4,17.9,688.0,79.0,36.0,8.1,52.4,2.0,10.4,20.5
"2002. 09",21.6,26.1,30.6,17.8,13.5,61.1,67.0,21.0,4.8,119.4,1.6,8.9,23.3
"2002. 10",12.8,17.7,24.9,8.8,-0.3,45.0,60.0,17.0,3.7,146.7,2.0,10.0,17.8
"2002. 11",4.0,8.0,16.7,0.3,-4.8,12.5,55.0,16.0,3.7,94.5,2.4,9.8,16.5
"2002. 12",1.7,5.3,15.9,-1.6,-9.1,15.0,60.0,21.0,5.0,81.0,2.2,7.1,14.0
"2003. 01",-2.5,1.1,8.7,-5.8,-15.5,14.1,60.0,21.0,3.8,92.3,2.5,9.0,17.2
"2003. 02",2.7,6.6,11.9,-0.7,-8.3,39.6,62.0,17.0,4.6,95.0,2.2,7.6,14.7
"2003. 03",6.5,10.6,20.9,2.9,-5.0,26.8,58.0,19.0,5.4,104.3,2.3,7.5,16.0
"2003. 04",13.2,17.9,24.6,9.0,4.8,139.6,60.0,13.0,5.4,125.8,2.5,9.0,17.7
"2003. 05",19.6,25.0,30.4,14.4,8.5,106.0,57.0,15.0,4.4,170.7,1.8,7.8,13.3
"2003. 06",21.5,25.8,31.1,18.0,14.4,156.0,69.0,16.0,6.7,101.8,2.0,6.9,11.1
"2003. 07",23.8,27.7,31.4,20.7,18.3,469.8,75.0,34.0,7.6,86.6,1.8,7.0,11.0
"2003. 08",24.1,27.6,32.2,21.3,16.6,684.2,77.0,30.0,7.6,83.0,1.4,6.4,11.8
"2003. 09",20.9,24.9,28.7,17.5,13.8,258.2,72.0,19.0,6.3,100.4,1.1,6.2,13.0
"2003. 10",13.9,19.0,26.0,9.6,2.7,41.5,61.0,19.0,3.4,195.7,2.0,8.6,17.3
"2003. 11",9.5,13.5,21.3,5.9,-3.2,69.3,66.0,13.0,5.4,114.0,2.0,8.0,17.6
"2003. 12",0.7,4.4,12.0,-2.8,-8.1,6.9,59.0,16.0,3.1,180.1,2.4,7.6,14.6
"2004. 01",-1.5,2.1,8.1,-4.9,-16.7,19.8,59.0,16.0,3.3,176.4,2.1,7.8,14.8
"2004. 02",2.3,6.9,18.7,-1.6,-7.8,54.6,56.0,11.0,3.5,186.1,2.9,11.1,20.7
"2004. 03",6.3,11.1,18.7,2.1,-5.6,27.6,49.0,11.0,3.9,221.6,2.7,9.2,18.6
"2004. 04",13.1,18.3,27.3,8.5,2.7,74.1,51.0,12.0,3.9,210.3,2.7,7.8,15.1
"2004. 05",17.6,22.2,27.6,13.7,8.8,168.5,68.0,12.0,5.8,166.9,2.6,9.1,17.2
"2004. 06",23.2,27.7,32.5,19.3,14.6,138.1,64.0,17.0,6.4,151.5,2.1,6.8,12.8
"2004. 07",24.8,27.7,34.5,22.3,19.5,510.7,82.0,44.0,7.8,85.4,2.3,7.9,14.8
"2004. 08",26.1,30.2,36.2,22.8,18.7,193.3,70.0,22.0,6.0,147.8,2.4,7.1,13.0
"2004. 09",21.7,26.3,31.3,17.8,12.8,198.7,69.0,22.0,5.5,168.2,2.2,8.0,15.6
"2004. 10",15.2,20.8,25.6,10.3,5.3,6.5,54.0,14.0,2.4,252.6,2.0,6.4,21.8
"2004. 11",9.1,13.4,21.5,5.3,0.2,80.0,66.0,21.0,3.7,156.7,2.0,9.7,21.0
"2004. 12",1.9,5.8,16.2,-1.4,-8.3,27.2,56.0,15.0,3.0,193.1,2.2,6.6,12.1
"2005. 01",-2.5,1.5,7.3,-6.2,-11.0,4.5,52.0,12.0,2.7,191.5,2.4,7.5,15.1
"2005. 02",-1.9,2.2,10.5,-5.5,-13.1,17.2,49.0,15.0,3.5,177.8,2.8,11.0,22.5
"2005. 03",4.1,8.8,17.6,0.2,-6.5,12.5,54.0,13.0,3.8,221.9,2.9,9.5,16.7
"2005. 04",13.2,18.1,29.8,8.9,4.1,94.7,53.0,9.0,4.3,199.5,3.0,10.4,18.0
"2005. 05",17.7,22.9,30.2,13.0,6.3,85.8,55.0,8.0,4.1,235.3,2.4,9.3,15.1
"2005. 06",22.7,27.3,32.0,19.1,15.5,168.5,69.0,26.0,6.3,138.3,2.4,8.8,15.3
"2005. 07",25.3,28.8,34.2,22.7,18.3,269.4,76.0,44.0,7.2,79.4,2.2,8.0,12.6
"2005. 08",25.1,28.7,35.0,22.4,16.5,285.0,75.0,30.0,6.9,103.1,2.6,8.2,15.0
"2005. 09",21.8,25.7,30.8,18.6,13.8,313.3,71.0,30.0,6.4,113.7,2.3,8.4,15.3
"2005. 10",14.7,19.4,24.9,10.7,3.0,52.6,65.0,17.0,3.4,200.0,1.7,5.4,11.1
"2005. 11",8.6,12.9,21.8,4.6,-1.1,44.6,55.0,10.0,2.9,172.5,2.2,8.4,16.8
"2005. 12",-3.9,-0.1,11.1,-7.4,-14.0,10.3,51.0,18.0,2.2,204.1,2.5,7.6,15.8
"2006. 01",-0.2,3.4,9.3,-3.3,-10.1,34.3,57.0,18.0,4.0,161.1,2.1,6.1,12.1
"2006. 02",0.1,4.2,11.5,-4.0,-14.1,15.7,53.0,12.0,4.3,172.6,2.6,8.1,15.6
"2006. 03",5.2,9.9,17.2,0.9,-6.9,14.0,51.0,8.0,4.2,201.9,2.9,10.9,20.2
"2006. 04",11.6,16.2,22.2,7.7,2.9,51.8,55.0,10.0,5.9,136.0,3.0,9.1,16.8
"2006. 05",18.4,23.4,28.3,14.0,10.8,156.2,57.0,13.0,5.2,199.1,2.5,8.6,14.6
"2006. 06",21.8,26.3,32.4,18.1,14.1,168.5,68.0,21.0,6.1,155.8,2.2,8.0,13.5
"2006. 07",23.1,26.0,30.1,20.9,17.5,1014.0,82.0,43.0,8.7,34.3,2.3,9.2,16.0
"2006. 08",27.0,31.1,34.7,23.9,20.8,121.2,69.0,34.0,5.4,177.1,2.1,7.6,16.2
"2006. 09",21.1,25.7,30.3,16.9,11.3,11.1,58.0,19.0,4.7,195.7,2.1,7.1,13.8
"2006. 10",17.9,22.6,27.5,13.9,7.9,30.2,62.0,11.0,3.2,185.2,2.0,8.5,17.1
"2006. 11",8.4,12.4,20.2,4.5,-1.3,47.6,58.0,14.0,4.3,153.5,2.4,8.1,15.6
"2006. 12",1.4,5.4,12.6,-2.0,-12.3,17.3,59.0,16.0,3.7,159.4,2.1,7.2,14.3
"2007. 01",0.4,4.1,11.8,-2.8,-7.6,10.8,56.0,18.0,3.5,181.9,2.0,8.0,15.5
"2007. 02",4.0,8.7,14.8,0.1,-8.6,12.6,53.0,13.0,3.3,171.5,2.3,8.6,14.8
"2007. 03",6.1,10.3,16.2,2.3,-7.6,123.5,60.0,15.0,5.2,147.1,2.7,10.0,18.2
"2007. 04",11.4,16.1,22.5,7.5,1.6,41.1,53.0,14.0,4.8,191.8,2.8,9.4,18.7
"2007. 05",18.1,23.4,30.1,13.6,9.0,137.6,62.0,17.0,5.5,197.3,2.6,8.7,17.6
"2007. 06",23.2,27.7,33.2,19.2,14.1,54.5,61.0,13.0,6.1,175.2,2.3,6.9,11.8
"2007. 07",24.2,27.8,31.2,21.3,17.7,274.1,75.0,35.0,7.6,91.5,2.4,7.3,16.1
"2007. 08",26.5,29.9,33.2,23.8,19.8,237.6,75.0,23.0,6.9,105.7,2.6,9.9,18.7
"2007. 09",21.5,25.1,31.1,18.6,14.1,241.9,74.0,36.0,7.3,85.1,2.5,8.0,13.8
"2007. 10",15.1,19.6,26.2,11.3,3.2,39.5,63.0,13.0,4.9,170.9,2.1,8.0,14.5
"2007. 11",6.7,11.4,19.3,2.8,-5.5,26.4,55.0,15.0,3.1,188.5,2.2,7.7,14.8
"2007. 12",1.8,5.4,13.8,-1.4,-7.4,12.7,60.0,24.0,4.0,140.8,2.4,8.5,15.6
"2008. 01",-1.7,1.9,7.3,-5.0,-11.1,17.7,50.0,13.0,4.5,166.5,2.3,6.9,12.8
"2008. 02",-1.2,3.2,10.5,-4.9,-10.1,15.0,46.0,12.0,2.3,224.2,2.7,8.4,13.8
"2008. 03",7.3,11.9,19.8,3.7,-1.7,53.9,56.0,10.0,4.2,187.3,2.6,8.3,12.8
"2008. 04",14.1,19.5,28.0,9.3,3.8,38.5,50.0,11.0,4.6,208.1,2.7,10.9,19.7
"2008. 05",17.7,22.7,28.5,13.1,8.1,97.7,58.0,10.0,4.8,213.8,2.7,8.7,16.6
"2008. 06",21.5,26.1,29.6,17.6,13.7,165.0,65.0,23.0,6.5,173.8,2.7,7.5,12.5
"2008. 07",25.1,28.4,32.9,22.6,20.2,530.8,78.0,45.0,8.2,78.7,2.4,7.9,15.1
"2008. 08",25.3,29.5,35.4,21.8,16.3,251.2,69.0,29.0,5.4,196.6,2.5,8.6,15.9
"2008. 09",22.0,26.9,32.0,18.0,10.3,99.2,64.0,18.0,5.2,184.6,1.9,6.6,11.5
"2008. 10",16.1,21.0,28.3,12.1,5.6,41.8,62.0,22.0,3.9,185.1,2.0,7.2,12.6
"2008. 11",7.6,11.7,18.4,3.8,-7.2,19.6,58.0,9.0,4.3,169.7,2.2,8.4,15.7
"2008. 12",1.1,5.0,13.3,-2.7,-13.1,25.9,56.0,16.0,4.3,157.0,2.5,8.2,14.6
"2009. 01",-2.0,2.3,12.2,-5.5,-11.4,5.7,50.0,14.0,2.5,210.6,2.5,8.1,15.1
"2009. 02",2.9,6.8,16.1,-0.6,-8.6,36.9,57.0,12.0,5.3,125.6,2.5,11.9,20.1
"2009. 03",6.0,10.6,22.2,1.8,-3.3,63.9,52.0,13.0,4.4,202.7,3.1,8.8,18.1
"2009. 04",12.7,18.0,25.8,8.1,2.2,66.5,54.0,13.0,4.1,204.5,2.6,8.6,14.4
"2009. 05",19.1,24.3,31.0,14.6,9.8,109.0,59.0,15.0,4.3,240.2,2.5,8.2,12.8
"2009. 06",22.4,26.7,32.4,18.8,14.3,132.0,66.0,18.0,5.4,181.0,2.5,8.8,15.3
"2009. 07",24.3,28.2,32.4,21.0,18.7,659.4,76.0,36.0,6.7,115.8,2.3,10.4,16.8
"2009. 08",25.7,29.5,34.4,22.4,16.4,285.3,69.0,24.0,5.6,150.9,2.2,7.1,13.1
"2009. 09",21.8,26.3,29.9,17.7,14.4,64.5,64.0,23.0,4.0,201.6,1.8,6.5,10.4
"2009. 10",16.0,20.9,26.4,11.7,6.2,66.9,62.0,23.0,2.5,236.3,2.1,9.7,17.2
"2009. 11",6.9,10.4,21.8,3.7,-4.3,52.4,64.0,19.0,5.1,130.1,2.5,6.8,12.3
"2009. 12",-1.0,2.5,10.1,-4.2,-12.9,21.5,60.0,15.0,3.8,146.1,2.5,8.3,15.9
"2010. 01",-4.5,-0.7,8.4,-8.1,-15.3,29.3,65.0,26.0,3.7,167.9,2.3,6.9,11.5
"2010. 02",1.4,4.9,17.9,-1.7,-10.8,55.3,59.0,14.0,4.8,141.2,2.4,6.6,12.3
"2010. 03",4.3,8.1,14.2,0.5,-4.0,82.5,59.0,13.0,6.2,133.0,2.9,10.2,16.7
"2010. 04",9.5,14.0,20.7,5.6,1.1,62.8,54.0,12.0,5.2,166.3,2.9,10.9,17.2
"2010. 05",17.2,22.0,28.6,13.0,5.8,124.0,62.0,21.0,5.4,178.5,2.6,9.9,16.2
"2010. 06",23.4,28.2,32.7,19.3,12.1,127.6,62.0,12.0,5.0,203.0,2.1,6.0,9.9
"2010. 07",25.8,29.3,32.3,23.1,21.0,239.2,74.0,32.0,7.4,89.8,2.5,7.9,12.3
"2010. 08",26.5,30.0,33.8,23.8,19.9,598.7,78.0,26.0,7.6,96.5,2.4,10.7,16.2
"2010. 09",21.8,26.0,31.4,18.5,8.4,671.5,72.0,25.0,5.9,146.4,2.3,14.0,21.6
"2010. 10",14.5,19.3,24.2,10.4,0.7,25.6,61.0,14.0,3.7,194.6,2.2,8.1,14.0
"2010. 11",6.5,11.3,17.4,2.5,-5.2,10.9,55.0,11.0,3.4,180.3,2.8,10.5,18.0
"2010. 12",-1.3,3.1,13.5,-5.1,-15.1,16.1,56.0,17.0,4.1,157.8,3.0,9.1,14.4
"2011. 01",-7.2,-3.4,0.3,-10.5,-17.8,8.9,54.0,19.0,2.7,218.5,2.8,8.0,14.4
"2011. 02",1.2,5.9,13.2,-2.5,-9.2,29.1,55.0,15.0,4.0,166.6,2.6,10.6,17.4
"2011. 03",3.6,8.3,16.8,-0.1,-5.5,14.6,51.0,12.0,3.3,240.2,3.4,9.9,15.4
"2011. 04",10.7,15.6,19.0,6.8,4.3,110.1,54.0,10.0,4.7,202.1,3.2,9.5,16.4
"2011. 05",17.9,23.0,31.2,13.6,8.5,53.4,56.0,15.0,5.6,180.4,2.8,9.7,16.4
"2011. 06",22.0,26.6,32.9,18.4,14.4,404.5,67.0,19.0,6.1,170.8,2.9,10.9,19.0
"2011. 07",24.6,28.0,34.1,22.0,18.9,1131.0,79.0,30.0,8.0,80.4,2.4,9.3,16.7
"2011. 08",25.8,29.5,34.1,23.0,18.1,166.8,74.0,30.0,7.5,94.0,2.5,9.4,15.6
"2011. 09",21.8,26.6,32.4,17.7,10.3,25.6,58.0,13.0,4.5,180.4,2.4,7.6,15.0
"2011. 10",14.2,19.3,23.4,9.7,3.1,32.0,55.0,15.0,3.8,215.3,2.1,7.1,13.6
"2011. 11",10.7,14.7,25.9,7.2,-5.5,56.2,60.0,14.0,6.0,129.5,2.7,9.7,16.1
"2011. 12",-0.9,2.9,9.1,-4.1,-10.6,7.1,50.0,15.0,3.9,195.6,2.6,7.7,13.3
"2012. 01",-2.8,1.3,8.4,-6.3,-12.2,6.7,48.9,12.0,3.6,190.5,2.5,7.5,12.6
"2012. 02",-2.0,3.0,12.1,-6.0,-17.1,0.8,43.2,11.0,3.4,224.9,2.9,8.1,12.5
"2012. 03",5.1,9.5,16.2,1.5,-5.7,47.4,51.8,9.0,5.2,191.8,3.5,10.2,18.0
"2012. 04",12.3,17.9,29.4,7.8,0.6,157.0,54.1,9.0,4.6,212.5,3.4,12.0,20.0
"2012. 05",19.7,25.1,29.3,15.4,12.0,8.2,48.2,11.0,4.3,251.3,2.7,8.6,15.7
"2012. 06",24.1,29.7,33.5,20.0,16.3,91.9,54.1,21.0,5.4,232.0,2.8,9.1,19.2
"2012. 07",25.4,29.0,33.2,22.4,18.5,448.9,73.8,38.0,7.4,144.0,2.7,7.7,15.2
"2012. 08",27.1,30.9,36.7,23.9,18.7,464.9,68.0,31.0,6.8,158.7,3.0,13.7,24.0
"2012. 09",21.0,25.0,29.5,17.4,12.0,212.0,65.2,26.0,5.6,190.8,2.3,11.5,20.4
"2012. 10",15.3,20.5,26.0,11.0,2.8,99.3,58.2,14.0,3.6,235.4,2.3,7.2,12.6
"2012. 11",5.5,9.5,15.7,1.8,-3.0,67.8,57.2,15.0,4.5,181.1,2.7,9.3,19.0
"2012. 12",-4.1,-0.5,8.3,-7.4,-14.5,41.4,57.0,17.0,3.5,193.6,2.7,8.8,14.3
"2013. 01",-3.4,0.3,11.5,-6.6,-16.4,22.1,57.1,21.0,4.3,167.7,2.7,8.2,13.5
"2013. 02",-1.2,2.8,13.9,-4.9,-15.8,74.1,53.6,15.0,4.7,187.2,2.9,8.4,14.8
"2013. 03",5.1,10.8,23.8,0.7,-4.4,27.3,49.2,8.0,3.3,256.3,3.0,8.8,15.4
"2013. 04",10.0,15.0,21.6,5.7,1.3,71.7,54.0,12.0,5.0,213.2,3.4,9.9,17.7
"2013. 05",18.2,23.6,31.8,13.7,7.9,132.0,57.8,11.0,4.7,238.1,2.9,8.5,11.6
"2013. 06",24.4,29.2,32.6,20.5,16.3,28.3,60.1,15.0,5.4,224.0,2.2,6.2,10.4
"2013. 07",25.5,28.3,31.3,23.4,20.5,676.2,79.3,40.0,8.5,101.0,3.4,10.9,18.0
"2013. 08",27.7,31.1,33.9,24.8,21.1,148.6,69.3,28.0,6.2,217.9,2.8,9.9,15.6
"2013. 09",21.8,25.9,31.1,18.0,10.9,138.5,62.9,16.0,5.5,191.0,2.2,6.2,11.0
"2013. 10",15.8,21.2,28.1,10.9,4.3,13.5,59.0,19.0,2.9,249.9,2.5,8.5,14.8
"2013. 11",6.2,10.7,20.7,2.1,-6.4,46.8,58.0,18.0,3.9,188.0,2.7,12.6,20.0
"2013. 12",-0.2,3.5,11.0,-3.5,-9.8,24.7,60.0,20.0,4.0,184.4,2.4,8.3,13.2
"2014. 01",-0.7,3.5,8.2,-4.9,-10.5,13.0,50.0,13.0,3.4,184.4,2.4,7.8,14.8
"2014. 02",1.9,6.6,16.4,-1.8,-10.5,16.2,52.0,16.0,4.0,163.9,2.7,7.4,12.1
"2014. 03",7.9,13.1,23.8,3.5,-4.6,7.2,60.0,16.0,3.9,214.7,3.0,9.1,15.5
"2014. 04",14.0,19.6,26.2,9.4,2.3,31.0,60.0,15.0,4.7,213.2,2.8,9.3,18.4
"2014. 05",18.9,25.3,33.3,13.8,6.8,63.0,59.0,18.0,3.2,304.0,3.2,11.1,16.3
"2014. 06",23.1,27.8,31.1,19.7,17.3,98.1,73.0,32.0,6.7,184.9,2.6,8.3,14.2
"2014. 07",26.1,30.6,34.4,22.9,19.1,207.9,74.0,27.0,6.8,172.7,2.8,10.8,18.2
"2014. 08",25.2,29.0,35.8,22.1,18.3,172.8,77.0,32.0,7.1,150.7,2.4,9.3,15.7
"2014. 09",22.1,27.0,31.3,18.0,14.9,88.1,69.0,22.0,4.9,214.3,2.1,7.1,11.7
"2014. 10",15.6,21.4,29.0,10.7,2.7,52.2,63.0,15.0,3.3,239.8,2.4,9.0,17.7
"2014. 11",9.0,13.8,22.9,4.9,-3.1,41.5,60.9,18.0,4.3,194.1,2.5,8.7,16.6
"2014. 12",-2.9,1.5,7.9,-6.7,-13.2,17.9,56.0,21.0,3.4,195.6,2.8,11.1,19.3
"2015. 01",-0.9,3.6,9.0,-4.8,-9.8,11.3,56.0,22.0,3.9,193.3,2.6,7.7,13.0
"2015. 02",1.0,6.0,13.0,-2.9,-13.0,22.7,59.0,17.0,4.5,180.0,2.9,8.5,14.5
"2015. 03",6.3,12.4,21.9,1.0,-6.9,9.6,45.0,9.0,2.8,270.8,3.1,9.1,16.3
"2015. 04",13.3,18.8,28.3,8.4,3.5,80.5,55.0,11.0,5.0,216.0,3.1,10.4,16.4
"2015. 05",18.9,24.9,32.2,13.6,8.3,28.9,53.0,12.0,4.1,290.4,3.0,11.1,17.2
"2015. 06",23.6,29.5,34.9,18.9,15.6,99.0,60.0,13.0,5.6,258.1,2.5,7.8,14.4
"2015. 07",25.8,30.0,36.0,22.6,18.2,226.0,71.0,28.0,7.0,176.1,2.8,8.0,14.4
"2015. 08",26.3,30.8,34.4,22.8,18.9,72.9,70.0,29.0,5.6,207.0,2.4,8.1,14.2
"2015. 09",22.4,28.1,31.0,17.5,14.2,26.0,56.0,15.0,3.8,262.1,2.3,6.7,12.7
"2015. 10",15.5,21.2,26.6,10.8,1.1,81.5,61.0,17.0,2.8,239.7,2.3,8.6,16.0
"2015. 11",8.9,12.7,19.8,5.9,-7.3,104.6,74.0,23.0,6.6,109.0,2.7,7.7,13.2
"2015. 12",1.6,6.0,12.2,-2.1,-9.5,29.1,60.0,19.0,4.1,177.8,2.3,8.0,16.8
"2016. 01",-3.2,1.1,9.5,-6.8,-18.0,1.0,53.0,17.0,4.0,196.1,2.5,9.0,15.1
"2016. 02",0.2,5.1,14.4,-4.1,-10.0,47.6,52.0,16.0,3.7,195.2,2.8,7.6,14.4
"2016. 03",7.0,12.6,21.4,2.4,-7.5,40.5,51.0,15.0,3.6,253.7,2.4,7.1,12.7
"2016. 04",14.1,20.3,29.6,9.1,5.1,76.8,55.0,13.0,4.8,219.5,2.4,8.0,16.7
"2016. 05",19.6,25.7,31.9,14.1,8.9,160.5,56.0,10.0,4.6,280.1,2.4,8.7,18.0
"2016. 06",23.6,28.7,32.2,19.5,17.1,54.4,63.0,21.0,5.3,229.7,2.1,6.8,10.5
"2016. 07",26.2,29.8,34.1,23.3,19.8,358.2,73.0,37.0,7.2,160.4,2.1,6.1,11.2
"2016. 08",28.0,32.6,36.6,24.5,16.1,67.1,64.0,27.0,4.6,236.1,2.1,7.3,13.6
"2016. 09",23.1,27.9,31.1,19.3,14.3,33.0,65.0,26.0,5.8,191.6,2.0,8.1,15.7
"2016. 10",16.1,21.3,29.0,11.6,0.7,74.8,62.0,13.0,5.3,195.7,2.1,6.3,12.8
"2016. 11",6.8,11.6,18.6,2.8,-6.2,16.7,57.0,19.0,4.7,173.3,2.2,6.1,9.8
"2016. 12",1.2,5.8,13.6,-2.7,-9.8,61.1,59.0,16.0,4.7,166.4,2.2,7.2,12.9
"2017. 01",-1.8,2.9,11.4,-5.8,-12.6,14.9,55.0,17.0,3.5,209.0,2.3,7.0,13.1
"2017. 02",-0.2,4.8,12.3,-4.7,-9.3,11.1,54.0,18.0,2.8,210.0,2.5,7.8,12.3
"2017. 03",6.3,12.3,18.9,1.7,-5.3,7.9,48.0,15.0,3.9,255.2,2.4,8.5,17.9
"2017. 04",13.9,20.0,27.8,9.1,3.1,61.6,52.0,10.0,4.4,259.7,2.6,8.1,15.6
"2017. 05",19.5,25.4,30.3,14.4,10.0,16.1,52.0,7.0,3.9,301.5,2.4,8.5,15.7
"2017. 06",23.3,28.8,34.1,18.7,14.5,66.6,57.0,14.0,4.7,285.2,2.4,6.4,12.1
"2017. 07",26.9,30.4,35.4,24.3,21.9,621.0,77.0,38.0,7.9,123.1,2.0,7.3,13.3
"2017. 08",25.9,29.7,35.3,22.9,16.1,297.0,71.0,19.0,7.0,166.2,2.3,7.7,15.3
"2017. 09",22.1,27.4,31.4,17.5,11.2,35.0,61.0,20.0,4.2,233.7,2.0,6.8,12.1
"2017. 10",16.4,22.5,29.4,11.6,2.5,26.5,56.0,16.0,4.5,222.7,1.9,7.6,12.9
"2017. 11",5.6,10.5,18.4,1.3,-6.6,40.7,54.0,13.0,4.2,163.9,2.1,6.7,13.0
"2017. 12",-1.9,2.2,8.7,-5.7,-12.3,34.8,56.0,14.0,3.9,176.1,1.8,6.7,14.2
"2018. 01",-4.0,0.1,8.7,-7.3,-17.8,8.5,48.0,16.0,4.3,186.7,1.9,7.2,12.2
"2018. 02",-1.6,3.3,10.4,-5.9,-13.4,29.6,45.0,13.0,3.9,194.2,2.2,6.3,12.2
"2018. 03",8.1,13.6,22.1,3.8,-6.7,49.5,59.0,13.0,5.2,209.1,1.9,6.9,12.8
"2018. 04",13.0,18.5,26.3,8.1,0.1,130.3,55.0,8.0,4.7,223.4,2.0,8.8,15.9
"2018. 05",18.2,23.3,29.6,13.4,6.9,222.0,63.0,22.0,5.4,231.6,1.7,8.0,13.4
"2018. 06",23.1,28.4,32.9,18.9,16.3,171.5,63.0,19.0,5.9,236.6,1.7,5.7,10.5
"2018. 07",27.8,32.1,38.3,24.2,17.7,185.6,68.0,29.0,5.1,228.5,1.5,4.2,8.4
"2018. 08",28.8,33.3,39.6,25.2,20.2,202.6,65.0,25.0,5.8,232.5,1.7,7.1,17.8
"2018. 09",21.5,26.0,30.9,17.6,10.8,68.5,61.0,23.0,5.1,218.7,1.6,5.7,11.1
"2018. 10",13.1,18.6,25.6,8.5,0.7,120.5,59.0,16.0,3.7,241.9,1.5,6.1,13.8
"2018. 11",7.8,13.2,19.4,3.6,-3.1,79.1,58.0,12.0,4.0,177.6,1.4,5.6,11.5
"2018. 12",-0.6,4.1,13.5,-4.7,-14.4,16.4,46.0,16.0,3.8,199.9,1.8,5.9,13.3
"2019. 01",-0.9,4.1,8.5,-5.1,-10.1,-,46.0,11.0,3.1,215.0,1.8,6.8,12.0
"2019. 02",1.0,6.0,14.5,-3.2,-10.2,23.8,47.0,15.0,4.8,190.5,1.8,5.5,10.0
"2019. 03",7.1,12.4,17.6,2.7,-1.7,26.8,51.0,10.0,4.7,203.8,2.1,7.2,14.9
"2019. 04",12.1,17.6,28.2,7.2,0.3,47.3,51.0,10.0,4.9,221.6,1.9,7.3,12.8
"2019. 05",19.4,25.6,33.4,13.7,8.4,37.8,47.0,12.0,3.8,314.0,2.1,6.1,12.3
"2019. 06",22.5,27.7,32.8,18.1,14.1,74.0,61.0,22.0,5.4,235.1,1.7,5.3,9.9
"2019. 07",25.9,30.1,36.1,22.7,19.3,194.4,69.0,24.0,7.2,150.1,1.8,5.9,11.8
"2019. 08",27.2,31.6,36.8,23.6,18.5,190.5,69.0,28.0,5.6,239.3,1.6,7.5,12.1
"2019. 09",22.6,27.1,30.5,19.0,13.6,139.8,65.0,24.0,6.6,168.9,2.2,11.8,28.3
"2019. 10",16.4,21.8,28.2,11.8,4.7,55.5,62.0,23.0,4.2,236.5,2.1,6.7,14.5
"2019. 11",7.6,12.9,22.1,3.1,-4.6,78.8,56.0,14.0,4.1,203.2,2.2,7.0,12.1
"2019. 12",1.4,5.3,12.9,-2.6,-10.9,22.6,58.0,17.0,4.4,164.2,2.1,7.5,13.1
"2020. 01",1.6,5.9,11.9,-1.7,-6.5,60.5,56.0,17.0,4.8,177.9,2.1,7.0,13.7
"2020. 02",2.5,7.2,15.6,-1.3,-11.8,53.1,58.0,14.0,4.7,185.0,2.3,8.2,14.4
"2020. 03",7.7,13.3,20.6,2.6,-2.8,16.3,46.0,11.0,3.4,262.9,2.5,8.2,16.3
"2020. 04",11.1,16.6,23.8,6.3,1.9,16.9,50.0,10.0,3.1,283.3,3.0,8.9,17.0
"2020. 05",18.0,23.3,30.0,13.7,9.2,112.4,67.0,11.0,6.3,177.9,2.4,7.2,16.4
"2020. 06",23.9,29.0,35.4,19.9,14.8,139.6,68.0,26.0,5.9,206.1,2.3,7.6,14.5
"2020. 07",24.1,28.0,32.9,21.1,17.2,270.4,77.0,34.0,7.5,119.4,2.4,8.7,16.1
"2020. 08",26.5,29.3,34.5,24.4,21.5,675.7,85.0,49.0,8.1,74.7,2.3,8.3,15.6
"2020. 09",21.4,25.6,29.5,18.0,13.6,181.5,71.0,27.0,5.8,174.3,2.5,9.8,21.5
"2020. 10",14.3,19.5,23.6,9.6,3.2,-,61.0,20.0,3.7,227.1,2.1,7.2,13.7
"2020. 11",8.0,12.6,20.0,4.0,-3.6,120.1,64.0,18.0,4.1,171.5,2.2,8.4,15.6
"2020. 12",-0.3,3.9,11.4,-4.2,-12.9,4.6,58.0,24.0,3.3,203.6,2.2,6.5,11.7
"2021. 01",-2.4,2.2,13.9,-6.8,-18.6,18.9,58.0,19.0,3.9,176.4,2.5,8.7,17.5
"2021. 02",2.7,7.9,17.4,-2.2,-10.6,7.1,56.0,18.0,4.0,181.0,2.6,7.5,15.8
"2021. 03",9.0,14.8,22.9,4.3,-1.2,110.9,63.0,19.0,4.7,213.0,2.4,6.9,14.8
"2021. 04",14.2,19.5,28.2,9.5,3.1,124.1,54.0,18.0,4.8,208.6,2.6,7.1,12.5
"2021. 05",17.1,21.9,30.8,12.8,7.3,183.1,68.0,25.0,5.6,203.7,2.4,8.4,16.0
"2021. 06",22.8,27.6,31.6,18.9,13.3,104.6,73.0,36.0,5.6,185.5,2.2,7.8,15.0
"2021. 07",28.1,32.2,36.5,24.6,19.6,168.3,71.0,37.0,5.9,195.2,2.0,7.4,16.5
"2021. 08",25.9,29.7,33.7,22.8,18.1,211.2,74.0,39.0,7.0,127.3,2.1,8.3,16.4
"2021. 09",22.6,26.9,30.3,18.8,16.0,131.0,71.0,38.0,5.4,182.0,2.3,7.1,12.5
"2021. 10",15.6,20.5,28.8,11.6,1.3,57.0,70.0,25.0,4.7,168.4,2.1,10.6,20.9
"2021. 11",8.2,13.1,21.3,4.0,-3.7,62.4,68.0,27.0,4.2,163.6,2.1,9.3,16.6
"2021. 12",0.6,5.1,13.3,-3.5,-15.5,7.9,62.0,26.0,3.2,185.4,2.3,8.1,15.2
"2022. 01",-2.2,2.6,8.4,-6.2,-11.3,5.5,55.0,21.0,3.1,206.9,2.2,7.6,13.9
"2022. 02",-1.1,3.8,11.5,-5.3,-10.7,4.7,55.0,21.0,3.2,203.8,2.6,7.4,14.5
"2022. 03",7.7,12.7,19.5,3.2,-3.0,102.6,62.0,15.0,5.2,173.0,2.5,8.8,18.5
"2022. 04",14.8,20.6,28.7,10.0,3.5,20.4,55.0,17.0,4.1,246.4,2.7,8.4,14.5
"2022. 05",19.1,25.0,30.7,13.9,7.9,7.5,55.0,16.0,3.9,302.3,2.6,7.6,14.1
"2022. 06",23.3,27.5,32.7,19.8,14.9,393.8,73.0,18.0,6.9,131.9,2.5,9.9,20.9
"2022. 07",27.3,31.0,36.1,24.2,20.8,252.3,77.0,46.0,6.9,140.1,2.1,5.6,11.6
"2022. 08",25.7,28.9,32.9,23.1,16.1,564.8,80.0,39.0,7.3,116.3,2.3,8.6,24.9
"2022. 09",22.4,27.2,32.5,18.2,12.3,201.5,68.0,29.0,5.1,203.9,2.4,8.0,18.3
"2022. 10",14.6,19.7,27.6,10.3,4.4,124.1,69.0,25.0,4.2,216.0,2.2,6.8,13.7
"2022. 11",10.0,15.4,22.1,5.6,-8.1,84.5,65.0,23.0,3.7,187.5,2.1,6.5,12.0
"2022. 12",-2.8,1.7,10.2,-6.6,-13.7,13.6,59.0,21.0,3.4,197.1,2.3,7.4,15.0
"2023. 01",-1.5,3.2,12.5,-5.7,-17.3,47.9,63.0,25.0,3.6,190.9,2.4,7.5,13.9
"2023. 02",2.3,7.3,12.4,-1.9,-5.3,1.0,59.0,21.0,3.5,198.2,2.3,6.8,11.6
"2023. 03",9.8,16.2,25.1,4.2,-1.9,10.5,51.0,13.0,3.4,239.8,2.3,7.3,13.6
"2023. 04",13.8,19.0,28.4,8.8,3.1,96.9,60.0,14.0,5.4,182.3,2.5,9.3,18.9
"2023. 05",19.5,25.0,31.2,14.6,7.9,155.6,63.0,21.0,5.3,235.6,2.3,8.6,15.9
"2023. 06",23.4,27.9,34.0,19.7,16.6,195.6,73.0,28.0,5.7,195.1,2.2,7.5,12.6
"2023. 07",26.7,30.2,34.9,23.9,21.6,459.9,81.0,40.0,6.7,146.1,2.1,7.0,16.8
"2023. 08",27.2,30.8,35.8,24.3,20.8,298.1,76.0,47.0,6.5,156.1,2.2,8.9,18.1
"2023. 09",23.7,27.6,32.8,20.2,15.2,134.5,74.0,33.0,6.2,157.1,2.0,5.2,10.6
"2023. 10",15.8,21.0,24.6,11.5,5.4,31.0,67.0,26.0,3.7,208.7,1.9,6.4,12.1
"2023. 11",6.8,11.5,25.9,2.9,-7.3,81.9,65.0,22.0,3.8,171.9,2.6,9.1,16.9
"2023. 12",1.1,5.2,16.8,-2.5,-14.7,85.9,69.0,30.0,4.4,142.2,2.4,9.0,17.9
"2024. 01",-0.5,3.6,10.6,-3.9,-14.0,18.9,67.0,23.0,3.9,177.4,2.3,7.2,12.4
"2024. 02",3.8,8.2,18.3,0.2,-3.1,74.7,73.0,30.0,6.0,109.3,2.5,8.8,15.0
"2024. 03",7.0,12.0,23.4,2.4,-8.1,29.9,57.0,13.0,4.1,190.6,2.7,8.4,15.0
"2024. 04",16.3,22.4,29.4,11.5,5.5,33.2,56.0,14.0,4.8,209.2,2.4,7.9,13.9
"2024. 05",18.5,23.7,28.5,13.8,6.9,125.1,63.0,23.0,4.2,262.0,2.4,9.1,18.3
"2024. 06",24.6,30.1,35.8,19.9,15.7,115.9,61.0,27.0,4.2,285.6,2.2,7.2,13.6
"2024. 07",26.6,29.6,33.3,24.1,21.3,557.3,81.0,40.0,7.9,96.3,2.5,8.3,17.6
"2024. 08",29.3,33.3,36.4,26.3,22.6,72.8,73.0,40.0,4.9,179.0,2.1,8.2,13.9
"2024. 09",25.5,29.8,34.6,22.0,15.6,143.9,72.0,37.0,5.2,166.9,2.3,7.1,12.4
"2024. 10",16.7,21.4,25.7,12.7,7.1,74.0,70.0,26.0,4.7,166.4,2.0,8.0,13.6
"2024. 11",9.7,14.9,25.1,5.5,-3.4,60.0,63.0,21.0,4.0,182.9,2.0,8.1,14.1
"2024. 12",0.8,5.3,13.0,-2.9,-7.7,5.7,56.0,26.0,2.9,206.3,2.2,6.9,12.0
"2024",14.9,19.5,36.4,11.0,-14.0,1311.4,66.0,13.0,4.7,2231.9,2.3,9.1,18.3
